"","GO.ID","Term","Annotated","Significant","Expected","Fisher","fdr"
"1","GO:0003993","acid phosphatase activity",13,2,0.01,"0.012",1
"2","GO:0046527","glucosyltransferase activity",53,2,0.04,"0.046",1
"3","GO:0016787","hydrolase activity",1360,4,0.98,"0.053",1
"4","GO:0016757","glycosyltransferase activity",299,2,0.22,"0.063",1
"5","GO:0003824","catalytic activity",4923,6,3.54,"0.067",1
"6","GO:0046906","tetrapyrrole binding",222,1,0.16,"0.069",1
"7","GO:0046983","protein dimerization activity",172,1,0.12,"0.078",1
"8","GO:0098772","molecular function regulator activity",137,1,0.1,"0.095",1
"9","GO:0008171","O-methyltransferase activity",22,1,0.02,"0.115",1
"10","GO:0042578","phosphoric ester hydrolase activity",144,2,0.1,"0.145",1
"11","GO:0016798","hydrolase activity, acting on glycosyl b...",243,2,0.17,"0.149",1
"12","GO:0016762","xyloglucan:xyloglucosyl transferase acti...",23,2,0.02,"0.184",1
"13","GO:0016705","oxidoreductase activity, acting on paire...",191,1,0.14,"0.185",1
"14","GO:0005506","iron ion binding",194,1,0.14,"0.242",1
"15","GO:0016741","transferase activity, transferring one-c...",200,1,0.14,"0.277",1
"16","GO:0016788","hydrolase activity, acting on ester bond...",377,2,0.27,"0.308",1
"17","GO:0043169","cation binding",1150,1,0.83,"0.427",1
"18","GO:0016740","transferase activity",1951,3,1.4,"0.448",1
"19","GO:0005515","protein binding",2204,1,1.59,"0.623",1
"20","GO:0016791","phosphatase activity",116,2,0.08,"0.648",1
"21","GO:0016758","hexosyltransferase activity",245,2,0.18,"0.671",1
"22","GO:0004857","enzyme inhibitor activity",86,1,0.06,"0.705",1
"23","GO:0046914","transition metal ion binding",803,1,0.58,"0.706",1
"24","GO:0043167","ion binding",2691,1,1.94,"0.721",1
"25","GO:0016491","oxidoreductase activity",1035,1,0.74,"0.758",1
"26","GO:1901363","heterocyclic compound binding",3213,1,2.31,"0.809",1
"27","GO:0097159","organic cyclic compound binding",3213,1,2.31,"0.809",1
"28","GO:0004553","hydrolase activity, hydrolyzing O-glycos...",229,2,0.16,"0.888",1
"29","GO:0030234","enzyme regulator activity",122,1,0.09,"0.891",1
"30","GO:0008168","methyltransferase activity",191,1,0.14,"0.955",1
"31","GO:0005488","binding",5708,2,4.11,"0.978",1
"32","GO:0046872","metal ion binding",1138,1,0.82,"0.990",1
"33","GO:0020037","heme binding",220,1,0.16,"0.991",1
"34","GO:0003674","molecular_function",9727,7,7,"1.000",1
"35","GO:0000049","tRNA binding",6,0,0,"1.000",1
"36","GO:0000062","fatty-acyl-CoA binding",6,0,0,"1.000",1
"37","GO:0000155","phosphorelay sensor kinase activity",11,0,0.01,"1.000",1
"38","GO:0000166","nucleotide binding",1645,0,1.18,"1.000",1
"39","GO:0000287","magnesium ion binding",73,0,0.05,"1.000",1
"40","GO:0000295","adenine nucleotide transmembrane transpo...",3,0,0,"1.000",1
"41","GO:0000774","adenyl-nucleotide exchange factor activi...",4,0,0,"1.000",1
"42","GO:0001882","nucleoside binding",7,0,0.01,"1.000",1
"43","GO:0002161","aminoacyl-tRNA editing activity",3,0,0,"1.000",1
"44","GO:0003676","nucleic acid binding",1473,0,1.06,"1.000",1
"45","GO:0003677","DNA binding",848,0,0.61,"1.000",1
"46","GO:0003678","DNA helicase activity",30,0,0.02,"1.000",1
"47","GO:0003682","chromatin binding",21,0,0.02,"1.000",1
"48","GO:0003684","damaged DNA binding",11,0,0.01,"1.000",1
"49","GO:0003690","double-stranded DNA binding",48,0,0.03,"1.000",1
"50","GO:0003697","single-stranded DNA binding",16,0,0.01,"1.000",1
"51","GO:0003700","DNA-binding transcription factor activit...",355,0,0.26,"1.000",1
"52","GO:0003712","transcription coregulator activity",24,0,0.02,"1.000",1
"53","GO:0003713","transcription coactivator activity",4,0,0,"1.000",1
"54","GO:0003723","RNA binding",240,0,0.17,"1.000",1
"55","GO:0003729","mRNA binding",5,0,0,"1.000",1
"56","GO:0003735","structural constituent of ribosome",302,0,0.22,"1.000",1
"57","GO:0003743","translation initiation factor activity",38,0,0.03,"1.000",1
"58","GO:0003746","translation elongation factor activity",13,0,0.01,"1.000",1
"59","GO:0003747","translation release factor activity",10,0,0.01,"1.000",1
"60","GO:0003755","peptidyl-prolyl cis-trans isomerase acti...",31,0,0.02,"1.000",1
"61","GO:0003774","cytoskeletal motor activity",82,0,0.06,"1.000",1
"62","GO:0003777","microtubule motor activity",64,0,0.05,"1.000",1
"63","GO:0003779","actin binding",15,0,0.01,"1.000",1
"64","GO:0003830","beta-1,4-mannosylglycoprotein 4-beta-N-a...",6,0,0,"1.000",1
"65","GO:0003843","1,3-beta-D-glucan synthase activity",11,0,0.01,"1.000",1
"66","GO:0003849","3-deoxy-7-phosphoheptulonate synthase ac...",3,0,0,"1.000",1
"67","GO:0003854","3-beta-hydroxy-delta5-steroid dehydrogen...",22,0,0.02,"1.000",1
"68","GO:0003857","3-hydroxyacyl-CoA dehydrogenase activity",3,0,0,"1.000",1
"69","GO:0003871","5-methyltetrahydropteroyltriglutamate-ho...",3,0,0,"1.000",1
"70","GO:0003872","6-phosphofructokinase activity",11,0,0.01,"1.000",1
"71","GO:0003883","CTP synthase activity",4,0,0,"1.000",1
"72","GO:0003885","D-arabinono-1,4-lactone oxidase activity",6,0,0,"1.000",1
"73","GO:0003887","DNA-directed DNA polymerase activity",13,0,0.01,"1.000",1
"74","GO:0003896","DNA primase activity",3,0,0,"1.000",1
"75","GO:0003899","DNA-directed 5'-3' RNA polymerase activi...",51,0,0.04,"1.000",1
"76","GO:0003905","alkylbase DNA N-glycosylase activity",7,0,0.01,"1.000",1
"77","GO:0003909","DNA ligase activity",4,0,0,"1.000",1
"78","GO:0003910","DNA ligase (ATP) activity",4,0,0,"1.000",1
"79","GO:0003916","DNA topoisomerase activity",12,0,0.01,"1.000",1
"80","GO:0003917","DNA topoisomerase type I (single strand ...",6,0,0,"1.000",1
"81","GO:0003918","DNA topoisomerase type II (double strand...",8,0,0.01,"1.000",1
"82","GO:0003924","GTPase activity",42,0,0.03,"1.000",1
"83","GO:0003933","GTP cyclohydrolase activity",4,0,0,"1.000",1
"84","GO:0003935","GTP cyclohydrolase II activity",3,0,0,"1.000",1
"85","GO:0003950","NAD+ ADP-ribosyltransferase activity",4,0,0,"1.000",1
"86","GO:0003951","NAD+ kinase activity",3,0,0,"1.000",1
"87","GO:0003954","NADH dehydrogenase activity",7,0,0.01,"1.000",1
"88","GO:0003955","NAD(P)H dehydrogenase (quinone) activity",7,0,0.01,"1.000",1
"89","GO:0003968","RNA-directed 5'-3' RNA polymerase activi...",6,0,0,"1.000",1
"90","GO:0003995","acyl-CoA dehydrogenase activity",8,0,0.01,"1.000",1
"91","GO:0003997","acyl-CoA oxidase activity",6,0,0,"1.000",1
"92","GO:0004014","adenosylmethionine decarboxylase activit...",5,0,0,"1.000",1
"93","GO:0004020","adenylylsulfate kinase activity",4,0,0,"1.000",1
"94","GO:0004045","aminoacyl-tRNA hydrolase activity",8,0,0.01,"1.000",1
"95","GO:0004066","asparagine synthase (glutamine-hydrolyzi...",4,0,0,"1.000",1
"96","GO:0004089","carbonate dehydratase activity",6,0,0,"1.000",1
"97","GO:0004096","catalase activity",3,0,0,"1.000",1
"98","GO:0004106","chorismate mutase activity",3,0,0,"1.000",1
"99","GO:0004129","cytochrome-c oxidase activity",10,0,0.01,"1.000",1
"100","GO:0004143","diacylglycerol kinase activity",6,0,0,"1.000",1
"101","GO:0004144","diacylglycerol O-acyltransferase activit...",9,0,0.01,"1.000",1
"102","GO:0004146","dihydrofolate reductase activity",3,0,0,"1.000",1
"103","GO:0004175","endopeptidase activity",194,0,0.14,"1.000",1
"104","GO:0004176","ATP-dependent peptidase activity",9,0,0.01,"1.000",1
"105","GO:0004177","aminopeptidase activity",9,0,0.01,"1.000",1
"106","GO:0004180","carboxypeptidase activity",37,0,0.03,"1.000",1
"107","GO:0004185","serine-type carboxypeptidase activity",36,0,0.03,"1.000",1
"108","GO:0004190","aspartic-type endopeptidase activity",57,0,0.04,"1.000",1
"109","GO:0004197","cysteine-type endopeptidase activity",11,0,0.01,"1.000",1
"110","GO:0004222","metalloendopeptidase activity",35,0,0.03,"1.000",1
"111","GO:0004252","serine-type endopeptidase activity",67,0,0.05,"1.000",1
"112","GO:0004298","threonine-type endopeptidase activity",24,0,0.02,"1.000",1
"113","GO:0004326","tetrahydrofolylpolyglutamate synthase ac...",4,0,0,"1.000",1
"114","GO:0004332","fructose-bisphosphate aldolase activity",8,0,0.01,"1.000",1
"115","GO:0004345","glucose-6-phosphate dehydrogenase activi...",6,0,0,"1.000",1
"116","GO:0004348","glucosylceramidase activity",4,0,0,"1.000",1
"117","GO:0004356","glutamate-ammonia ligase activity",7,0,0.01,"1.000",1
"118","GO:0004367","glycerol-3-phosphate dehydrogenase [NAD+...",4,0,0,"1.000",1
"119","GO:0004386","helicase activity",54,0,0.04,"1.000",1
"120","GO:0004392","heme oxygenase (decyclizing) activity",4,0,0,"1.000",1
"121","GO:0004396","hexokinase activity",5,0,0,"1.000",1
"122","GO:0004402","histone acetyltransferase activity",12,0,0.01,"1.000",1
"123","GO:0004416","hydroxyacylglutathione hydrolase activit...",3,0,0,"1.000",1
"124","GO:0004427","inorganic diphosphatase activity",8,0,0.01,"1.000",1
"125","GO:0004435","phosphatidylinositol phospholipase C act...",8,0,0.01,"1.000",1
"126","GO:0004448","isocitrate dehydrogenase activity",3,0,0,"1.000",1
"127","GO:0004450","isocitrate dehydrogenase (NADP+) activit...",3,0,0,"1.000",1
"128","GO:0004451","isocitrate lyase activity",3,0,0,"1.000",1
"129","GO:0004470","malic enzyme activity",6,0,0,"1.000",1
"130","GO:0004471","malate dehydrogenase (decarboxylating) (...",6,0,0,"1.000",1
"131","GO:0004478","methionine adenosyltransferase activity",4,0,0,"1.000",1
"132","GO:0004486","methylenetetrahydrofolate dehydrogenase ...",4,0,0,"1.000",1
"133","GO:0004488","methylenetetrahydrofolate dehydrogenase ...",4,0,0,"1.000",1
"134","GO:0004497","monooxygenase activity",27,0,0.02,"1.000",1
"135","GO:0004499","N,N-dimethylaniline monooxygenase activi...",13,0,0.01,"1.000",1
"136","GO:0004512","inositol-3-phosphate synthase activity",3,0,0,"1.000",1
"137","GO:0004518","nuclease activity",79,0,0.06,"1.000",1
"138","GO:0004519","endonuclease activity",34,0,0.02,"1.000",1
"139","GO:0004520","endodeoxyribonuclease activity",5,0,0,"1.000",1
"140","GO:0004521","endoribonuclease activity",16,0,0.01,"1.000",1
"141","GO:0004525","ribonuclease III activity",9,0,0.01,"1.000",1
"142","GO:0004527","exonuclease activity",24,0,0.02,"1.000",1
"143","GO:0004536","deoxyribonuclease activity",7,0,0.01,"1.000",1
"144","GO:0004540","ribonuclease activity",22,0,0.02,"1.000",1
"145","GO:0004549","tRNA-specific ribonuclease activity",3,0,0,"1.000",1
"146","GO:0004550","nucleoside diphosphate kinase activity",6,0,0,"1.000",1
"147","GO:0004559","alpha-mannosidase activity",8,0,0.01,"1.000",1
"148","GO:0004568","chitinase activity",11,0,0.01,"1.000",1
"149","GO:0004571","mannosyl-oligosaccharide 1,2-alpha-manno...",5,0,0,"1.000",1
"150","GO:0004576","oligosaccharyl transferase activity",6,0,0,"1.000",1
"151","GO:0004579","dolichyl-diphosphooligosaccharide-protei...",4,0,0,"1.000",1
"152","GO:0004601","peroxidase activity",60,0,0.04,"1.000",1
"153","GO:0004602","glutathione peroxidase activity",8,0,0.01,"1.000",1
"154","GO:0004609","phosphatidylserine decarboxylase activit...",3,0,0,"1.000",1
"155","GO:0004611","phosphoenolpyruvate carboxykinase activi...",5,0,0,"1.000",1
"156","GO:0004616","phosphogluconate dehydrogenase (decarbox...",9,0,0.01,"1.000",1
"157","GO:0004618","phosphoglycerate kinase activity",3,0,0,"1.000",1
"158","GO:0004619","phosphoglycerate mutase activity",6,0,0,"1.000",1
"159","GO:0004620","phospholipase activity",11,0,0.01,"1.000",1
"160","GO:0004623","phospholipase A2 activity",3,0,0,"1.000",1
"161","GO:0004629","phospholipase C activity",8,0,0.01,"1.000",1
"162","GO:0004634","phosphopyruvate hydratase activity",3,0,0,"1.000",1
"163","GO:0004640","phosphoribosylanthranilate isomerase act...",3,0,0,"1.000",1
"164","GO:0004645","1,4-alpha-oligoglucan phosphorylase acti...",4,0,0,"1.000",1
"165","GO:0004650","polygalacturonase activity",13,0,0.01,"1.000",1
"166","GO:0004652","polynucleotide adenylyltransferase activ...",4,0,0,"1.000",1
"167","GO:0004659","prenyltransferase activity",12,0,0.01,"1.000",1
"168","GO:0004664","prephenate dehydratase activity",5,0,0,"1.000",1
"169","GO:0004672","protein kinase activity",824,0,0.59,"1.000",1
"170","GO:0004673","protein histidine kinase activity",11,0,0.01,"1.000",1
"171","GO:0004674","protein serine/threonine kinase activity",39,0,0.03,"1.000",1
"172","GO:0004721","phosphoprotein phosphatase activity",87,0,0.06,"1.000",1
"173","GO:0004722","protein serine/threonine phosphatase act...",67,0,0.05,"1.000",1
"174","GO:0004725","protein tyrosine phosphatase activity",3,0,0,"1.000",1
"175","GO:0004733","pyridoxamine-phosphate oxidase activity",3,0,0,"1.000",1
"176","GO:0004743","pyruvate kinase activity",11,0,0.01,"1.000",1
"177","GO:0004749","ribose phosphate diphosphokinase activit...",3,0,0,"1.000",1
"178","GO:0004751","ribose-5-phosphate isomerase activity",4,0,0,"1.000",1
"179","GO:0004779","sulfate adenylyltransferase activity",4,0,0,"1.000",1
"180","GO:0004781","sulfate adenylyltransferase (ATP) activi...",4,0,0,"1.000",1
"181","GO:0004784","superoxide dismutase activity",4,0,0,"1.000",1
"182","GO:0004799","thymidylate synthase activity",3,0,0,"1.000",1
"183","GO:0004806","triglyceride lipase activity",3,0,0,"1.000",1
"184","GO:0004809","tRNA (guanine-N2-)-methyltransferase act...",4,0,0,"1.000",1
"185","GO:0004812","aminoacyl-tRNA ligase activity",47,0,0.03,"1.000",1
"186","GO:0004813","alanine-tRNA ligase activity",3,0,0,"1.000",1
"187","GO:0004827","proline-tRNA ligase activity",3,0,0,"1.000",1
"188","GO:0004834","tryptophan synthase activity",3,0,0,"1.000",1
"189","GO:0004842","ubiquitin-protein transferase activity",84,0,0.06,"1.000",1
"190","GO:0004843","cysteine-type deubiquitinase activity",8,0,0.01,"1.000",1
"191","GO:0004860","protein kinase inhibitor activity",7,0,0.01,"1.000",1
"192","GO:0004861","cyclin-dependent protein serine/threonin...",7,0,0.01,"1.000",1
"193","GO:0004866","endopeptidase inhibitor activity",13,0,0.01,"1.000",1
"194","GO:0004869","cysteine-type endopeptidase inhibitor ac...",8,0,0.01,"1.000",1
"195","GO:0004888","transmembrane signaling receptor activit...",13,0,0.01,"1.000",1
"196","GO:0004970","ionotropic glutamate receptor activity",11,0,0.01,"1.000",1
"197","GO:0005048","signal sequence binding",7,0,0.01,"1.000",1
"198","GO:0005096","GTPase activator activity",18,0,0.01,"1.000",1
"199","GO:0005102","signaling receptor binding",4,0,0,"1.000",1
"200","GO:0005198","structural molecule activity",321,0,0.23,"1.000",1
"201","GO:0005199","structural constituent of cell wall",3,0,0,"1.000",1
"202","GO:0005215","transporter activity",533,0,0.38,"1.000",1
"203","GO:0005216","ion channel activity",59,0,0.04,"1.000",1
"204","GO:0005230","extracellular ligand-gated ion channel a...",11,0,0.01,"1.000",1
"205","GO:0005231","excitatory extracellular ligand-gated io...",3,0,0,"1.000",1
"206","GO:0005234","extracellularly glutamate-gated ion chan...",3,0,0,"1.000",1
"207","GO:0005244","voltage-gated ion channel activity",11,0,0.01,"1.000",1
"208","GO:0005247","voltage-gated chloride channel activity",7,0,0.01,"1.000",1
"209","GO:0005253","anion channel activity",11,0,0.01,"1.000",1
"210","GO:0005254","chloride channel activity",7,0,0.01,"1.000",1
"211","GO:0005261","cation channel activity",15,0,0.01,"1.000",1
"212","GO:0005319","lipid transporter activity",5,0,0,"1.000",1
"213","GO:0005337","nucleoside transmembrane transporter act...",5,0,0,"1.000",1
"214","GO:0005342","organic acid transmembrane transporter a...",16,0,0.01,"1.000",1
"215","GO:0005346","purine ribonucleotide transmembrane tran...",3,0,0,"1.000",1
"216","GO:0005347","ATP transmembrane transporter activity",3,0,0,"1.000",1
"217","GO:0005351","carbohydrate:proton symporter activity",5,0,0,"1.000",1
"218","GO:0005375","copper ion transmembrane transporter act...",5,0,0,"1.000",1
"219","GO:0005402","carbohydrate:cation symporter activity",5,0,0,"1.000",1
"220","GO:0005452","inorganic anion exchanger activity",6,0,0,"1.000",1
"221","GO:0005471","ATP:ADP antiporter activity",3,0,0,"1.000",1
"222","GO:0005507","copper ion binding",41,0,0.03,"1.000",1
"223","GO:0005509","calcium ion binding",77,0,0.06,"1.000",1
"224","GO:0005516","calmodulin binding",23,0,0.02,"1.000",1
"225","GO:0005524","ATP binding",1124,0,0.81,"1.000",1
"226","GO:0005525","GTP binding",183,0,0.13,"1.000",1
"227","GO:0005536","glucose binding",5,0,0,"1.000",1
"228","GO:0005543","phospholipid binding",29,0,0.02,"1.000",1
"229","GO:0005544","calcium-dependent phospholipid binding",5,0,0,"1.000",1
"230","GO:0008017","microtubule binding",79,0,0.06,"1.000",1
"231","GO:0008047","enzyme activator activity",21,0,0.02,"1.000",1
"232","GO:0008061","chitin binding",6,0,0,"1.000",1
"233","GO:0008066","glutamate receptor activity",11,0,0.01,"1.000",1
"234","GO:0008079","translation termination factor activity",10,0,0.01,"1.000",1
"235","GO:0008080","N-acetyltransferase activity",42,0,0.03,"1.000",1
"236","GO:0008081","phosphoric diester hydrolase activity",22,0,0.02,"1.000",1
"237","GO:0008083","growth factor activity",4,0,0,"1.000",1
"238","GO:0008092","cytoskeletal protein binding",95,0,0.07,"1.000",1
"239","GO:0008094","ATP-dependent activity, acting on DNA",39,0,0.03,"1.000",1
"240","GO:0008097","5S rRNA binding",4,0,0,"1.000",1
"241","GO:0008107","galactoside 2-alpha-L-fucosyltransferase...",4,0,0,"1.000",1
"242","GO:0008113","peptide-methionine (S)-S-oxide reductase...",5,0,0,"1.000",1
"243","GO:0008121","ubiquinol-cytochrome-c reductase activit...",4,0,0,"1.000",1
"244","GO:0008131","primary amine oxidase activity",8,0,0.01,"1.000",1
"245","GO:0008134","transcription factor binding",6,0,0,"1.000",1
"246","GO:0008135","translation factor activity, RNA binding",61,0,0.04,"1.000",1
"247","GO:0008137","NADH dehydrogenase (ubiquinone) activity",7,0,0.01,"1.000",1
"248","GO:0008138","protein tyrosine/serine/threonine phosph...",14,0,0.01,"1.000",1
"249","GO:0008146","sulfotransferase activity",8,0,0.01,"1.000",1
"250","GO:0008170","N-methyltransferase activity",19,0,0.01,"1.000",1
"251","GO:0008172","S-methyltransferase activity",3,0,0,"1.000",1
"252","GO:0008173","RNA methyltransferase activity",19,0,0.01,"1.000",1
"253","GO:0008175","tRNA methyltransferase activity",6,0,0,"1.000",1
"254","GO:0008192","RNA guanylyltransferase activity",4,0,0,"1.000",1
"255","GO:0008194","UDP-glycosyltransferase activity",89,0,0.06,"1.000",1
"256","GO:0008199","ferric iron binding",6,0,0,"1.000",1
"257","GO:0008200","ion channel inhibitor activity",5,0,0,"1.000",1
"258","GO:0008233","peptidase activity",329,0,0.24,"1.000",1
"259","GO:0008234","cysteine-type peptidase activity",52,0,0.04,"1.000",1
"260","GO:0008235","metalloexopeptidase activity",3,0,0,"1.000",1
"261","GO:0008236","serine-type peptidase activity",123,0,0.09,"1.000",1
"262","GO:0008237","metallopeptidase activity",42,0,0.03,"1.000",1
"263","GO:0008238","exopeptidase activity",51,0,0.04,"1.000",1
"264","GO:0008242","omega peptidase activity",5,0,0,"1.000",1
"265","GO:0008270","zinc ion binding",550,0,0.4,"1.000",1
"266","GO:0008271","secondary active sulfate transmembrane t...",10,0,0.01,"1.000",1
"267","GO:0008276","protein methyltransferase activity",18,0,0.01,"1.000",1
"268","GO:0008289","lipid binding",65,0,0.05,"1.000",1
"269","GO:0008308","voltage-gated anion channel activity",11,0,0.01,"1.000",1
"270","GO:0008312","7S RNA binding",9,0,0.01,"1.000",1
"271","GO:0008318","protein prenyltransferase activity",4,0,0,"1.000",1
"272","GO:0008320","protein transmembrane transporter activi...",3,0,0,"1.000",1
"273","GO:0008324","cation transmembrane transporter activit...",130,0,0.09,"1.000",1
"274","GO:0008373","sialyltransferase activity",3,0,0,"1.000",1
"275","GO:0008374","O-acyltransferase activity",20,0,0.01,"1.000",1
"276","GO:0008375","acetylglucosaminyltransferase activity",38,0,0.03,"1.000",1
"277","GO:0008378","galactosyltransferase activity",20,0,0.01,"1.000",1
"278","GO:0008408","3'-5' exonuclease activity",18,0,0.01,"1.000",1
"279","GO:0008417","fucosyltransferase activity",7,0,0.01,"1.000",1
"280","GO:0008430","selenium binding",3,0,0,"1.000",1
"281","GO:0008443","phosphofructokinase activity",12,0,0.01,"1.000",1
"282","GO:0008474","palmitoyl-(protein) hydrolase activity",4,0,0,"1.000",1
"283","GO:0008483","transaminase activity",14,0,0.01,"1.000",1
"284","GO:0008509","anion transmembrane transporter activity",37,0,0.03,"1.000",1
"285","GO:0008514","organic anion transmembrane transporter ...",4,0,0,"1.000",1
"286","GO:0008519","ammonium transmembrane transporter activ...",5,0,0,"1.000",1
"287","GO:0008641","ubiquitin-like modifier activating enzym...",14,0,0.01,"1.000",1
"288","GO:0008686","3,4-dihydroxy-2-butanone-4-phosphate syn...",3,0,0,"1.000",1
"289","GO:0008725","DNA-3-methyladenine glycosylase activity",6,0,0,"1.000",1
"290","GO:0008757","S-adenosylmethionine-dependent methyltra...",25,0,0.02,"1.000",1
"291","GO:0008839","4-hydroxy-tetrahydrodipicolinate reducta...",3,0,0,"1.000",1
"292","GO:0008883","glutamyl-tRNA reductase activity",3,0,0,"1.000",1
"293","GO:0008889","glycerophosphodiester phosphodiesterase ...",8,0,0.01,"1.000",1
"294","GO:0008963","phospho-N-acetylmuramoyl-pentapeptide-tr...",3,0,0,"1.000",1
"295","GO:0008964","phosphoenolpyruvate carboxylase activity",3,0,0,"1.000",1
"296","GO:0009001","serine O-acetyltransferase activity",5,0,0,"1.000",1
"297","GO:0009055","electron transfer activity",111,0,0.08,"1.000",1
"298","GO:0009378","four-way junction helicase activity",22,0,0.02,"1.000",1
"299","GO:0009678","pyrophosphate hydrolysis-driven proton t...",15,0,0.01,"1.000",1
"300","GO:0009916","alternative oxidase activity",3,0,0,"1.000",1
"301","GO:0009982","pseudouridine synthase activity",17,0,0.01,"1.000",1
"302","GO:0010181","FMN binding",11,0,0.01,"1.000",1
"303","GO:0010277","chlorophyllide a oxygenase [overall] act...",4,0,0,"1.000",1
"304","GO:0010309","acireductone dioxygenase [iron(II)-requi...",4,0,0,"1.000",1
"305","GO:0010333","terpene synthase activity",11,0,0.01,"1.000",1
"306","GO:0010340","carboxyl-O-methyltransferase activity",4,0,0,"1.000",1
"307","GO:0015018","galactosylgalactosylxylosylprotein 3-bet...",4,0,0,"1.000",1
"308","GO:0015020","glucuronosyltransferase activity",5,0,0,"1.000",1
"309","GO:0015035","protein-disulfide reductase activity",129,0,0.09,"1.000",1
"310","GO:0015036","disulfide oxidoreductase activity",129,0,0.09,"1.000",1
"311","GO:0015075","ion transmembrane transporter activity",199,0,0.14,"1.000",1
"312","GO:0015078","proton transmembrane transporter activit...",64,0,0.05,"1.000",1
"313","GO:0015079","potassium ion transmembrane transporter ...",12,0,0.01,"1.000",1
"314","GO:0015095","magnesium ion transmembrane transporter ...",9,0,0.01,"1.000",1
"315","GO:0015098","molybdate ion transmembrane transporter ...",5,0,0,"1.000",1
"316","GO:0015103","inorganic anion transmembrane transporte...",33,0,0.02,"1.000",1
"317","GO:0015108","chloride transmembrane transporter activ...",7,0,0.01,"1.000",1
"318","GO:0015116","sulfate transmembrane transporter activi...",11,0,0.01,"1.000",1
"319","GO:0015144","carbohydrate transmembrane transporter a...",6,0,0,"1.000",1
"320","GO:0015171","amino acid transmembrane transporter act...",16,0,0.01,"1.000",1
"321","GO:0015215","nucleotide transmembrane transporter act...",3,0,0,"1.000",1
"322","GO:0015216","purine nucleotide transmembrane transpor...",3,0,0,"1.000",1
"323","GO:0015217","ADP transmembrane transporter activity",3,0,0,"1.000",1
"324","GO:0015252","proton channel activity",10,0,0.01,"1.000",1
"325","GO:0015267","channel activity",59,0,0.04,"1.000",1
"326","GO:0015276","ligand-gated ion channel activity",11,0,0.01,"1.000",1
"327","GO:0015291","secondary active transmembrane transport...",97,0,0.07,"1.000",1
"328","GO:0015293","symporter activity",6,0,0,"1.000",1
"329","GO:0015294","solute:cation symporter activity",6,0,0,"1.000",1
"330","GO:0015295","solute:proton symporter activity",5,0,0,"1.000",1
"331","GO:0015297","antiporter activity",74,0,0.05,"1.000",1
"332","GO:0015298","solute:cation antiporter activity",24,0,0.02,"1.000",1
"333","GO:0015299","solute:proton antiporter activity",24,0,0.02,"1.000",1
"334","GO:0015318","inorganic molecular entity transmembrane...",185,0,0.13,"1.000",1
"335","GO:0015399","primary active transmembrane transporter...",79,0,0.06,"1.000",1
"336","GO:0015450","protein-transporting ATPase activity",3,0,0,"1.000",1
"337","GO:0015453","oxidoreduction-driven active transmembra...",22,0,0.02,"1.000",1
"338","GO:0015605","organophosphate ester transmembrane tran...",3,0,0,"1.000",1
"339","GO:0015631","tubulin binding",80,0,0.06,"1.000",1
"340","GO:0015923","mannosidase activity",9,0,0.01,"1.000",1
"341","GO:0015924","mannosyl-oligosaccharide mannosidase act...",5,0,0,"1.000",1
"342","GO:0015930","glutamate synthase activity",3,0,0,"1.000",1
"343","GO:0015932","nucleobase-containing compound transmemb...",8,0,0.01,"1.000",1
"344","GO:0016149","translation release factor activity, cod...",8,0,0.01,"1.000",1
"345","GO:0016151","nickel cation binding",4,0,0,"1.000",1
"346","GO:0016157","sucrose synthase activity",10,0,0.01,"1.000",1
"347","GO:0016160","amylase activity",10,0,0.01,"1.000",1
"348","GO:0016161","beta-amylase activity",8,0,0.01,"1.000",1
"349","GO:0016209","antioxidant activity",73,0,0.05,"1.000",1
"350","GO:0016211","ammonia ligase activity",7,0,0.01,"1.000",1
"351","GO:0016229","steroid dehydrogenase activity",22,0,0.02,"1.000",1
"352","GO:0016247","channel regulator activity",5,0,0,"1.000",1
"353","GO:0016248","channel inhibitor activity",5,0,0,"1.000",1
"354","GO:0016278","lysine N-methyltransferase activity",14,0,0.01,"1.000",1
"355","GO:0016279","protein-lysine N-methyltransferase activ...",14,0,0.01,"1.000",1
"356","GO:0016298","lipase activity",14,0,0.01,"1.000",1
"357","GO:0016301","kinase activity",930,0,0.67,"1.000",1
"358","GO:0016307","phosphatidylinositol phosphate kinase ac...",13,0,0.01,"1.000",1
"359","GO:0016407","acetyltransferase activity",47,0,0.03,"1.000",1
"360","GO:0016410","N-acyltransferase activity",43,0,0.03,"1.000",1
"361","GO:0016411","acylglycerol O-acyltransferase activity",9,0,0.01,"1.000",1
"362","GO:0016412","serine O-acyltransferase activity",5,0,0,"1.000",1
"363","GO:0016413","O-acetyltransferase activity",5,0,0,"1.000",1
"364","GO:0016423","tRNA (guanine) methyltransferase activit...",5,0,0,"1.000",1
"365","GO:0016462","pyrophosphatase activity",180,0,0.13,"1.000",1
"366","GO:0016530","metallochaperone activity",3,0,0,"1.000",1
"367","GO:0016531","copper chaperone activity",3,0,0,"1.000",1
"368","GO:0016538","cyclin-dependent protein serine/threonin...",12,0,0.01,"1.000",1
"369","GO:0016597","amino acid binding",20,0,0.01,"1.000",1
"370","GO:0016614","oxidoreductase activity, acting on CH-OH...",109,0,0.08,"1.000",1
"371","GO:0016615","malate dehydrogenase activity",10,0,0.01,"1.000",1
"372","GO:0016616","oxidoreductase activity, acting on the C...",88,0,0.06,"1.000",1
"373","GO:0016620","oxidoreductase activity, acting on the a...",15,0,0.01,"1.000",1
"374","GO:0016624","oxidoreductase activity, acting on the a...",7,0,0.01,"1.000",1
"375","GO:0016627","oxidoreductase activity, acting on the C...",32,0,0.02,"1.000",1
"376","GO:0016628","oxidoreductase activity, acting on the C...",5,0,0,"1.000",1
"377","GO:0016634","oxidoreductase activity, acting on the C...",8,0,0.01,"1.000",1
"378","GO:0016638","oxidoreductase activity, acting on the C...",16,0,0.01,"1.000",1
"379","GO:0016641","oxidoreductase activity, acting on the C...",11,0,0.01,"1.000",1
"380","GO:0016645","oxidoreductase activity, acting on the C...",20,0,0.01,"1.000",1
"381","GO:0016646","oxidoreductase activity, acting on the C...",10,0,0.01,"1.000",1
"382","GO:0016651","oxidoreductase activity, acting on NAD(P...",23,0,0.02,"1.000",1
"383","GO:0016655","oxidoreductase activity, acting on NAD(P...",11,0,0.01,"1.000",1
"384","GO:0016667","oxidoreductase activity, acting on a sul...",148,0,0.11,"1.000",1
"385","GO:0016668","oxidoreductase activity, acting on a sul...",63,0,0.05,"1.000",1
"386","GO:0016670","oxidoreductase activity, acting on a sul...",4,0,0,"1.000",1
"387","GO:0016671","oxidoreductase activity, acting on a sul...",14,0,0.01,"1.000",1
"388","GO:0016675","oxidoreductase activity, acting on a hem...",10,0,0.01,"1.000",1
"389","GO:0016679","oxidoreductase activity, acting on diphe...",8,0,0.01,"1.000",1
"390","GO:0016682","oxidoreductase activity, acting on diphe...",3,0,0,"1.000",1
"391","GO:0016684","oxidoreductase activity, acting on perox...",62,0,0.04,"1.000",1
"392","GO:0016701","oxidoreductase activity, acting on singl...",26,0,0.02,"1.000",1
"393","GO:0016702","oxidoreductase activity, acting on singl...",17,0,0.01,"1.000",1
"394","GO:0016703","oxidoreductase activity, acting on singl...",6,0,0,"1.000",1
"395","GO:0016709","oxidoreductase activity, acting on paire...",14,0,0.01,"1.000",1
"396","GO:0016712","oxidoreductase activity, acting on paire...",4,0,0,"1.000",1
"397","GO:0016717","oxidoreductase activity, acting on paire...",11,0,0.01,"1.000",1
"398","GO:0016721","oxidoreductase activity, acting on super...",4,0,0,"1.000",1
"399","GO:0016725","oxidoreductase activity, acting on CH or...",3,0,0,"1.000",1
"400","GO:0016742","hydroxymethyl-, formyl- and related tran...",7,0,0.01,"1.000",1
"401","GO:0016746","acyltransferase activity",181,0,0.13,"1.000",1
"402","GO:0016747","acyltransferase activity, transferring g...",144,0,0.1,"1.000",1
"403","GO:0016755","aminoacyltransferase activity",4,0,0,"1.000",1
"404","GO:0016759","cellulose synthase activity",7,0,0.01,"1.000",1
"405","GO:0016760","cellulose synthase (UDP-forming) activit...",7,0,0.01,"1.000",1
"406","GO:0016763","pentosyltransferase activity",8,0,0.01,"1.000",1
"407","GO:0016765","transferase activity, transferring alkyl...",35,0,0.03,"1.000",1
"408","GO:0016769","transferase activity, transferring nitro...",14,0,0.01,"1.000",1
"409","GO:0016772","transferase activity, transferring phosp...",1115,0,0.8,"1.000",1
"410","GO:0016773","phosphotransferase activity, alcohol gro...",931,0,0.67,"1.000",1
"411","GO:0016774","phosphotransferase activity, carboxyl gr...",3,0,0,"1.000",1
"412","GO:0016775","phosphotransferase activity, nitrogenous...",11,0,0.01,"1.000",1
"413","GO:0016776","phosphotransferase activity, phosphate g...",9,0,0.01,"1.000",1
"414","GO:0016778","diphosphotransferase activity",6,0,0,"1.000",1
"415","GO:0016779","nucleotidyltransferase activity",120,0,0.09,"1.000",1
"416","GO:0016780","phosphotransferase activity, for other s...",12,0,0.01,"1.000",1
"417","GO:0016782","transferase activity, transferring sulph...",12,0,0.01,"1.000",1
"418","GO:0016783","sulfurtransferase activity",4,0,0,"1.000",1
"419","GO:0016790","thiolester hydrolase activity",13,0,0.01,"1.000",1
"420","GO:0016796","exonuclease activity, active with either...",3,0,0,"1.000",1
"421","GO:0016799","hydrolase activity, hydrolyzing N-glycos...",10,0,0.01,"1.000",1
"422","GO:0016810","hydrolase activity, acting on carbon-nit...",33,0,0.02,"1.000",1
"423","GO:0016811","hydrolase activity, acting on carbon-nit...",12,0,0.01,"1.000",1
"424","GO:0016814","hydrolase activity, acting on carbon-nit...",10,0,0.01,"1.000",1
"425","GO:0016817","hydrolase activity, acting on acid anhyd...",197,0,0.14,"1.000",1
"426","GO:0016818","hydrolase activity, acting on acid anhyd...",193,0,0.14,"1.000",1
"427","GO:0016829","lyase activity",122,0,0.09,"1.000",1
"428","GO:0016830","carbon-carbon lyase activity",54,0,0.04,"1.000",1
"429","GO:0016831","carboxy-lyase activity",33,0,0.02,"1.000",1
"430","GO:0016832","aldehyde-lyase activity",11,0,0.01,"1.000",1
"431","GO:0016833","oxo-acid-lyase activity",6,0,0,"1.000",1
"432","GO:0016835","carbon-oxygen lyase activity",41,0,0.03,"1.000",1
"433","GO:0016836","hydro-lyase activity",25,0,0.02,"1.000",1
"434","GO:0016837","carbon-oxygen lyase activity, acting on ...",3,0,0,"1.000",1
"435","GO:0016838","carbon-oxygen lyase activity, acting on ...",13,0,0.01,"1.000",1
"436","GO:0016840","carbon-nitrogen lyase activity",5,0,0,"1.000",1
"437","GO:0016842","amidine-lyase activity",3,0,0,"1.000",1
"438","GO:0016846","carbon-sulfur lyase activity",6,0,0,"1.000",1
"439","GO:0016849","phosphorus-oxygen lyase activity",4,0,0,"1.000",1
"440","GO:0016851","magnesium chelatase activity",5,0,0,"1.000",1
"441","GO:0016853","isomerase activity",128,0,0.09,"1.000",1
"442","GO:0016854","racemase and epimerase activity",5,0,0,"1.000",1
"443","GO:0016857","racemase and epimerase activity, acting ...",3,0,0,"1.000",1
"444","GO:0016859","cis-trans isomerase activity",31,0,0.02,"1.000",1
"445","GO:0016860","intramolecular oxidoreductase activity",18,0,0.01,"1.000",1
"446","GO:0016861","intramolecular oxidoreductase activity, ...",13,0,0.01,"1.000",1
"447","GO:0016863","intramolecular oxidoreductase activity, ...",3,0,0,"1.000",1
"448","GO:0016866","intramolecular transferase activity",39,0,0.03,"1.000",1
"449","GO:0016868","intramolecular transferase activity, pho...",13,0,0.01,"1.000",1
"450","GO:0016872","intramolecular lyase activity",7,0,0.01,"1.000",1
"451","GO:0016874","ligase activity",125,0,0.09,"1.000",1
"452","GO:0016875","ligase activity, forming carbon-oxygen b...",47,0,0.03,"1.000",1
"453","GO:0016877","ligase activity, forming carbon-sulfur b...",14,0,0.01,"1.000",1
"454","GO:0016879","ligase activity, forming carbon-nitrogen...",42,0,0.03,"1.000",1
"455","GO:0016880","acid-ammonia (or amide) ligase activity",7,0,0.01,"1.000",1
"456","GO:0016881","acid-amino acid ligase activity",10,0,0.01,"1.000",1
"457","GO:0016884","carbon-nitrogen ligase activity, with gl...",13,0,0.01,"1.000",1
"458","GO:0016886","ligase activity, forming phosphoric este...",5,0,0,"1.000",1
"459","GO:0016887","ATP hydrolysis activity",130,0,0.09,"1.000",1
"460","GO:0016888","endodeoxyribonuclease activity, producin...",4,0,0,"1.000",1
"461","GO:0016891","endoribonuclease activity, producing 5'-...",11,0,0.01,"1.000",1
"462","GO:0016893","endonuclease activity, active with eithe...",15,0,0.01,"1.000",1
"463","GO:0016899","oxidoreductase activity, acting on the C...",6,0,0,"1.000",1
"464","GO:0016901","oxidoreductase activity, acting on the C...",3,0,0,"1.000",1
"465","GO:0016903","oxidoreductase activity, acting on the a...",22,0,0.02,"1.000",1
"466","GO:0016972","thiol oxidase activity",3,0,0,"1.000",1
"467","GO:0016987","sigma factor activity",6,0,0,"1.000",1
"468","GO:0016992","lipoate synthase activity",4,0,0,"1.000",1
"469","GO:0017025","TBP-class protein binding",6,0,0,"1.000",1
"470","GO:0017069","snRNA binding",6,0,0,"1.000",1
"471","GO:0017076","purine nucleotide binding",1450,0,1.04,"1.000",1
"472","GO:0017089","glycolipid transfer activity",4,0,0,"1.000",1
"473","GO:0017111","nucleoside-triphosphatase activity",172,0,0.12,"1.000",1
"474","GO:0017150","tRNA dihydrouridine synthase activity",5,0,0,"1.000",1
"475","GO:0017171","serine hydrolase activity",123,0,0.09,"1.000",1
"476","GO:0017176","phosphatidylinositol N-acetylglucosaminy...",3,0,0,"1.000",1
"477","GO:0018024","histone-lysine N-methyltransferase activ...",14,0,0.01,"1.000",1
"478","GO:0019001","guanyl nucleotide binding",187,0,0.13,"1.000",1
"479","GO:0019104","DNA N-glycosylase activity",9,0,0.01,"1.000",1
"480","GO:0019139","cytokinin dehydrogenase activity",7,0,0.01,"1.000",1
"481","GO:0019200","carbohydrate kinase activity",17,0,0.01,"1.000",1
"482","GO:0019203","carbohydrate phosphatase activity",8,0,0.01,"1.000",1
"483","GO:0019205","nucleobase-containing compound kinase ac...",19,0,0.01,"1.000",1
"484","GO:0019207","kinase regulator activity",16,0,0.01,"1.000",1
"485","GO:0019210","kinase inhibitor activity",7,0,0.01,"1.000",1
"486","GO:0019238","cyclohydrolase activity",6,0,0,"1.000",1
"487","GO:0019239","deaminase activity",5,0,0,"1.000",1
"488","GO:0019783","ubiquitin-like protein peptidase activit...",8,0,0.01,"1.000",1
"489","GO:0019787","ubiquitin-like protein transferase activ...",88,0,0.06,"1.000",1
"490","GO:0019789","SUMO transferase activity",4,0,0,"1.000",1
"491","GO:0019825","oxygen binding",3,0,0,"1.000",1
"492","GO:0019829","ATPase-coupled cation transmembrane tran...",12,0,0.01,"1.000",1
"493","GO:0019842","vitamin binding",67,0,0.05,"1.000",1
"494","GO:0019843","rRNA binding",21,0,0.02,"1.000",1
"495","GO:0019887","protein kinase regulator activity",16,0,0.01,"1.000",1
"496","GO:0019899","enzyme binding",13,0,0.01,"1.000",1
"497","GO:0019900","kinase binding",8,0,0.01,"1.000",1
"498","GO:0019901","protein kinase binding",8,0,0.01,"1.000",1
"499","GO:0019904","protein domain specific binding",16,0,0.01,"1.000",1
"500","GO:0022803","passive transmembrane transporter activi...",59,0,0.04,"1.000",1
"501","GO:0022804","active transmembrane transporter activit...",176,0,0.13,"1.000",1
"502","GO:0022824","transmitter-gated ion channel activity",11,0,0.01,"1.000",1
"503","GO:0022832","voltage-gated channel activity",11,0,0.01,"1.000",1
"504","GO:0022834","ligand-gated channel activity",11,0,0.01,"1.000",1
"505","GO:0022835","transmitter-gated channel activity",11,0,0.01,"1.000",1
"506","GO:0022836","gated channel activity",23,0,0.02,"1.000",1
"507","GO:0022853","active ion transmembrane transporter act...",54,0,0.04,"1.000",1
"508","GO:0022857","transmembrane transporter activity",412,0,0.3,"1.000",1
"509","GO:0022884","macromolecule transmembrane transporter ...",3,0,0,"1.000",1
"510","GO:0022890","inorganic cation transmembrane transport...",118,0,0.08,"1.000",1
"511","GO:0030145","manganese ion binding",7,0,0.01,"1.000",1
"512","GO:0030151","molybdenum ion binding",6,0,0,"1.000",1
"513","GO:0030170","pyridoxal phosphate binding",55,0,0.04,"1.000",1
"514","GO:0030246","carbohydrate binding",88,0,0.06,"1.000",1
"515","GO:0030247","polysaccharide binding",24,0,0.02,"1.000",1
"516","GO:0030274","LIM domain binding",4,0,0,"1.000",1
"517","GO:0030291","protein serine/threonine kinase inhibito...",7,0,0.01,"1.000",1
"518","GO:0030414","peptidase inhibitor activity",13,0,0.01,"1.000",1
"519","GO:0030545","signaling receptor regulator activity",4,0,0,"1.000",1
"520","GO:0030546","signaling receptor activator activity",4,0,0,"1.000",1
"521","GO:0030554","adenyl nucleotide binding",1264,0,0.91,"1.000",1
"522","GO:0030570","pectate lyase activity",3,0,0,"1.000",1
"523","GO:0030594","neurotransmitter receptor activity",11,0,0.01,"1.000",1
"524","GO:0030599","pectinesterase activity",39,0,0.03,"1.000",1
"525","GO:0030695","GTPase regulator activity",21,0,0.02,"1.000",1
"526","GO:0030955","potassium ion binding",11,0,0.01,"1.000",1
"527","GO:0030976","thiamine pyrophosphate binding",9,0,0.01,"1.000",1
"528","GO:0030983","mismatched DNA binding",12,0,0.01,"1.000",1
"529","GO:0031072","heat shock protein binding",8,0,0.01,"1.000",1
"530","GO:0031127","alpha-(1,2)-fucosyltransferase activity",4,0,0,"1.000",1
"531","GO:0031369","translation initiation factor binding",3,0,0,"1.000",1
"532","GO:0031420","alkali metal ion binding",11,0,0.01,"1.000",1
"533","GO:0031625","ubiquitin protein ligase binding",5,0,0,"1.000",1
"534","GO:0031683","G-protein beta/gamma-subunit complex bin...",4,0,0,"1.000",1
"535","GO:0032296","double-stranded RNA-specific ribonucleas...",9,0,0.01,"1.000",1
"536","GO:0032549","ribonucleoside binding",6,0,0,"1.000",1
"537","GO:0032553","ribonucleotide binding",1453,0,1.05,"1.000",1
"538","GO:0032555","purine ribonucleotide binding",1442,0,1.04,"1.000",1
"539","GO:0032559","adenyl ribonucleotide binding",1260,0,0.91,"1.000",1
"540","GO:0032561","guanyl ribonucleotide binding",183,0,0.13,"1.000",1
"541","GO:0033218","amide binding",14,0,0.01,"1.000",1
"542","GO:0033743","peptide-methionine (R)-S-oxide reductase...",7,0,0.01,"1.000",1
"543","GO:0033764","steroid dehydrogenase activity, acting o...",22,0,0.02,"1.000",1
"544","GO:0033897","ribonuclease T2 activity",3,0,0,"1.000",1
"545","GO:0033926","glycopeptide alpha-N-acetylgalactosamini...",8,0,0.01,"1.000",1
"546","GO:0034061","DNA polymerase activity",15,0,0.01,"1.000",1
"547","GO:0034062","5'-3' RNA polymerase activity",57,0,0.04,"1.000",1
"548","GO:0034212","peptide N-acetyltransferase activity",12,0,0.01,"1.000",1
"549","GO:0035091","phosphatidylinositol binding",10,0,0.01,"1.000",1
"550","GO:0035251","UDP-glucosyltransferase activity",29,0,0.02,"1.000",1
"551","GO:0035639","purine ribonucleoside triphosphate bindi...",1307,0,0.94,"1.000",1
"552","GO:0036094","small molecule binding",1734,0,1.25,"1.000",1
"553","GO:0038023","signaling receptor activity",13,0,0.01,"1.000",1
"554","GO:0042054","histone methyltransferase activity",14,0,0.01,"1.000",1
"555","GO:0042083","5,10-methylenetetrahydrofolate-dependent...",3,0,0,"1.000",1
"556","GO:0042085","5-methyltetrahydropteroyltri-L-glutamate...",3,0,0,"1.000",1
"557","GO:0042132","fructose 1,6-bisphosphate 1-phosphatase ...",4,0,0,"1.000",1
"558","GO:0042162","telomeric DNA binding",4,0,0,"1.000",1
"559","GO:0042277","peptide binding",7,0,0.01,"1.000",1
"560","GO:0042393","histone binding",26,0,0.02,"1.000",1
"561","GO:0042625","ATPase-coupled ion transmembrane transpo...",12,0,0.01,"1.000",1
"562","GO:0042626","ATPase-coupled transmembrane transporter...",54,0,0.04,"1.000",1
"563","GO:0042802","identical protein binding",4,0,0,"1.000",1
"564","GO:0042803","protein homodimerization activity",4,0,0,"1.000",1
"565","GO:0043021","ribonucleoprotein complex binding",6,0,0,"1.000",1
"566","GO:0043022","ribosome binding",5,0,0,"1.000",1
"567","GO:0043047","single-stranded telomeric DNA binding",3,0,0,"1.000",1
"568","GO:0043168","anion binding",1598,0,1.15,"1.000",1
"569","GO:0043177","organic acid binding",21,0,0.02,"1.000",1
"570","GO:0043531","ADP binding",131,0,0.09,"1.000",1
"571","GO:0043565","sequence-specific DNA binding",195,0,0.14,"1.000",1
"572","GO:0043733","DNA-3-methylbase glycosylase activity",6,0,0,"1.000",1
"573","GO:0044389","ubiquitin-like protein ligase binding",5,0,0,"1.000",1
"574","GO:0044769","ATPase activity, coupled to transmembran...",12,0,0.01,"1.000",1
"575","GO:0044877","protein-containing complex binding",12,0,0.01,"1.000",1
"576","GO:0045182","translation regulator activity",61,0,0.04,"1.000",1
"577","GO:0045300","acyl-[acyl-carrier-protein] desaturase a...",7,0,0.01,"1.000",1
"578","GO:0046873","metal ion transmembrane transporter acti...",49,0,0.04,"1.000",1
"579","GO:0046912","acyltransferase activity, acyl groups co...",9,0,0.01,"1.000",1
"580","GO:0046915","transition metal ion transmembrane trans...",7,0,0.01,"1.000",1
"581","GO:0046923","ER retention sequence binding",6,0,0,"1.000",1
"582","GO:0046933","proton-transporting ATP synthase activit...",10,0,0.01,"1.000",1
"583","GO:0046943","carboxylic acid transmembrane transporte...",16,0,0.01,"1.000",1
"584","GO:0046961","proton-transporting ATPase activity, rot...",12,0,0.01,"1.000",1
"585","GO:0047134","protein-disulfide reductase (NAD(P)) act...",63,0,0.05,"1.000",1
"586","GO:0047262","polygalacturonate 4-alpha-galacturonosyl...",16,0,0.01,"1.000",1
"587","GO:0047325","inositol tetrakisphosphate 1-kinase acti...",4,0,0,"1.000",1
"588","GO:0047952","glycerol-3-phosphate dehydrogenase [NAD(...",4,0,0,"1.000",1
"589","GO:0048018","receptor ligand activity",4,0,0,"1.000",1
"590","GO:0048029","monosaccharide binding",5,0,0,"1.000",1
"591","GO:0048038","quinone binding",13,0,0.01,"1.000",1
"592","GO:0050113","inositol oxygenase activity",3,0,0,"1.000",1
"593","GO:0050136","NADH dehydrogenase (quinone) activity",7,0,0.01,"1.000",1
"594","GO:0050145","nucleoside monophosphate kinase activity",3,0,0,"1.000",1
"595","GO:0050307","sucrose-phosphate phosphatase activity",4,0,0,"1.000",1
"596","GO:0050308","sugar-phosphatase activity",8,0,0.01,"1.000",1
"597","GO:0050660","flavin adenine dinucleotide binding",82,0,0.06,"1.000",1
"598","GO:0050661","NADP binding",28,0,0.02,"1.000",1
"599","GO:0050664","oxidoreductase activity, acting on NAD(P...",5,0,0,"1.000",1
"600","GO:0050997","quaternary ammonium group binding",9,0,0.01,"1.000",1
"601","GO:0051002","ligase activity, forming nitrogen-metal ...",5,0,0,"1.000",1
"602","GO:0051003","ligase activity, forming nitrogen-metal ...",5,0,0,"1.000",1
"603","GO:0051082","unfolded protein binding",31,0,0.02,"1.000",1
"604","GO:0051087","chaperone binding",13,0,0.01,"1.000",1
"605","GO:0051213","dioxygenase activity",19,0,0.01,"1.000",1
"606","GO:0051287","NAD binding",49,0,0.04,"1.000",1
"607","GO:0051536","iron-sulfur cluster binding",54,0,0.04,"1.000",1
"608","GO:0051537","2 iron, 2 sulfur cluster binding",9,0,0.01,"1.000",1
"609","GO:0051539","4 iron, 4 sulfur cluster binding",9,0,0.01,"1.000",1
"610","GO:0051540","metal cluster binding",54,0,0.04,"1.000",1
"611","GO:0051765","inositol tetrakisphosphate kinase activi...",4,0,0,"1.000",1
"612","GO:0051766","inositol trisphosphate kinase activity",6,0,0,"1.000",1
"613","GO:0051861","glycolipid binding",4,0,0,"1.000",1
"614","GO:0051998","protein carboxyl O-methyltransferase act...",4,0,0,"1.000",1
"615","GO:0052689","carboxylic ester hydrolase activity",59,0,0.04,"1.000",1
"616","GO:0052725","inositol-1,3,4-trisphosphate 6-kinase ac...",4,0,0,"1.000",1
"617","GO:0052726","inositol-1,3,4-trisphosphate 5-kinase ac...",4,0,0,"1.000",1
"618","GO:0060089","molecular transducer activity",13,0,0.01,"1.000",1
"619","GO:0060589","nucleoside-triphosphatase regulator acti...",21,0,0.02,"1.000",1
"620","GO:0060590","ATPase regulator activity",4,0,0,"1.000",1
"621","GO:0061134","peptidase regulator activity",13,0,0.01,"1.000",1
"622","GO:0061135","endopeptidase regulator activity",13,0,0.01,"1.000",1
"623","GO:0061733","peptide-lysine-N-acetyltransferase activ...",12,0,0.01,"1.000",1
"624","GO:0070001","aspartic-type peptidase activity",57,0,0.04,"1.000",1
"625","GO:0070003","threonine-type peptidase activity",24,0,0.02,"1.000",1
"626","GO:0070008","serine-type exopeptidase activity",41,0,0.03,"1.000",1
"627","GO:0070279","vitamin B6 binding",55,0,0.04,"1.000",1
"628","GO:0070566","adenylyltransferase activity",10,0,0.01,"1.000",1
"629","GO:0070568","guanylyltransferase activity",4,0,0,"1.000",1
"630","GO:0070569","uridylyltransferase activity",8,0,0.01,"1.000",1
"631","GO:0071949","FAD binding",15,0,0.01,"1.000",1
"632","GO:0080019","fatty-acyl-CoA reductase (alcohol-formin...",3,0,0,"1.000",1
"633","GO:0090079","translation regulator activity, nucleic ...",61,0,0.04,"1.000",1
"634","GO:0097367","carbohydrate derivative binding",1470,0,1.06,"1.000",1
"635","GO:0097747","RNA polymerase activity",57,0,0.04,"1.000",1
"636","GO:0098599","palmitoyl hydrolase activity",6,0,0,"1.000",1
"637","GO:0098847","sequence-specific single stranded DNA bi...",3,0,0,"1.000",1
"638","GO:0099106","ion channel regulator activity",5,0,0,"1.000",1
"639","GO:0101005","deubiquitinase activity",8,0,0.01,"1.000",1
"640","GO:0106413","dihydrouridine synthase activity",5,0,0,"1.000",1
"641","GO:0120013","lipid transfer activity",4,0,0,"1.000",1
"642","GO:0120227","acyl-CoA binding",6,0,0,"1.000",1
"643","GO:0140096","catalytic activity, acting on a protein",1554,0,1.12,"1.000",1
"644","GO:0140097","catalytic activity, acting on DNA",80,0,0.06,"1.000",1
"645","GO:0140098","catalytic activity, acting on RNA",166,0,0.12,"1.000",1
"646","GO:0140101","catalytic activity, acting on a tRNA",76,0,0.05,"1.000",1
"647","GO:0140103","catalytic activity, acting on a glycopro...",15,0,0.01,"1.000",1
"648","GO:0140104","molecular carrier activity",3,0,0,"1.000",1
"649","GO:0140110","transcription regulator activity",379,0,0.27,"1.000",1
"650","GO:0140296","general transcription initiation factor ...",6,0,0,"1.000",1
"651","GO:0140299","small molecule sensor activity",11,0,0.01,"1.000",1
"652","GO:0140318","protein transporter activity",3,0,0,"1.000",1
"653","GO:0140640","catalytic activity, acting on a nucleic ...",270,0,0.19,"1.000",1
"654","GO:0140657","ATP-dependent activity",282,0,0.2,"1.000",1
"655","GO:0140678","molecular function inhibitor activity",5,0,0,"1.000",1
"656","GO:1901265","nucleoside phosphate binding",1645,0,1.18,"1.000",1
"657","GO:1901505","carbohydrate derivative transmembrane tr...",8,0,0.01,"1.000",1
"658","GO:1901567","fatty acid derivative binding",6,0,0,"1.000",1
"659","GO:1901681","sulfur compound binding",17,0,0.01,"1.000",1
"660","GO:1901682","sulfur compound transmembrane transporte...",11,0,0.01,"1.000",1
"661","GO:2001070","starch binding",4,0,0,"1.000",1
